"","lhs","Var.2","rhs","support","confidence","lift","count"
"[1]","{Prod3=I}","=>","{Prod2=E}",0.170916666666667,0.33661578860988,1.01953292865183,2051
"[2]","{Prod2=F}","=>","{Prod3=H}",0.168583333333333,0.499136442141624,1.01398972502107,2023
"[3]","{Prod3=I}","=>","{Prod2=G}",0.167666666666667,0.330215000820614,0.994373904604107,2012
"[4]","{Prod1=C}","=>","{Prod3=H}",0.126083333333333,0.496553987528717,1.00874349929653,1513
"[5]","{Prod1=B}","=>","{Prod3=H}",0.124833333333333,0.49537037037037,1.00633899516581,1498
"[6]","{Prod1=A}","=>","{Prod3=H}",0.12425,0.499832383506537,1.01540352159784,1491
"[7]","{Prod1=D}","=>","{Prod3=H}",0.117083333333333,0.476917854718262,0.968852929849186,1405
